{
  "complete": true,
  "trial_recorded": false,
  "next_params": {
    "Kpx": 6.098986246475228,
    "Kpy": 4.258055554366347,
    "Kpz": 21.06707622478749,
    "Kqx": 5.611270192048476,
    "Kqy": 3.552925139887606,
    "Kqz": 0.14772129991705163,
    "Kvx": 8.453243452014526,
    "Kvy": 8.976630003502146,
    "Kvz": 8.48651816600308,
    "Kwx": 0.6304821399620028,
    "Kwy": 1.4377767918209,
    "Kwz": 0.06448363359375978,
    "Kix": 0.1058125340636587,
    "Kiy": 0.33625501198997043,
    "Kiz": 1.8407366235601728
  },
  "current_score": null,
  "current_metrics": null,
  "best": null,
  "num_trials": 0,
  "message": "ok"
}